{
  "lang":"pt",
  "name":"core_news_sm",
  "version":"3.7.0",
  "description":"Portuguese pipeline optimized for CPU. Components: tok2vec, morphologizer, parser, lemmatizer (trainable_lemmatizer), senter, ner, attribute_ruler.",
  "author":"Explosion",
  "email":"contact@explosion.ai",
  "url":"https://explosion.ai",
  "license":"CC BY-SA 4.0",
  "spacy_version":">=3.7.0,<3.8.0",
  "spacy_git_version":"6b4f77441",
  "vectors":{
    "width":0,
    "vectors":0,
    "keys":0,
    "name":null,
    "mode":"default"
  },
  "labels":{
    "tok2vec":[

    ],
    "morphologizer":[
      "Definite=Ind|Gender=Masc|Number=Sing|POS=DET|PronType=Art",
      "Gender=Masc|Number=Sing|POS=NOUN",
      "Gender=Masc|Number=Sing|POS=ADJ",
      "Definite=Def|Gender=Masc|Number=Sing|POS=DET|PronType=Art",
      "Gender=Masc|Number=Sing|POS=PROPN",
      "Number=Sing|POS=PROPN",
      "Mood=Ind|Number=Sing|POS=AUX|Person=3|Tense=Pres|VerbForm=Fin",
      "Gender=Masc|Number=Plur|POS=NOUN",
      "Definite=Def|POS=ADP|PronType=Art",
      "Gender=Fem|Number=Sing|POS=NOUN",
      "Gender=Fem|Number=Sing|POS=ADJ",
      "POS=PUNCT",
      "NumType=Card|POS=NUM",
      "POS=ADV",
      "Gender=Fem|Number=Plur|POS=ADJ",
      "Gender=Fem|Number=Plur|POS=NOUN",
      "Definite=Def|Gender=Masc|Number=Sing|POS=ADP|PronType=Art",
      "Gender=Fem|Number=Sing|POS=PROPN",
      "Gender=Fem|Number=Sing|POS=VERB|VerbForm=Part",
      "POS=ADP",
      "POS=PRON|PronType=Rel",
      "Mood=Ind|Number=Sing|POS=VERB|Person=3|Tense=Pres|VerbForm=Fin",
      "POS=SCONJ",
      "POS=VERB|VerbForm=Inf",
      "Definite=Def|Gender=Masc|Number=Plur|POS=DET|PronType=Art",
      "Gender=Masc|Number=Plur|POS=ADJ",
      "POS=CCONJ",
      "Definite=Def|Gender=Fem|Number=Plur|POS=DET|PronType=Art",
      "Definite=Def|Gender=Fem|Number=Sing|POS=DET|PronType=Art",
      "Definite=Ind|Gender=Fem|Number=Sing|POS=DET|PronType=Art",
      "Gender=Masc|Number=Sing|POS=DET|PronType=Ind",
      "Mood=Sub|Number=Sing|POS=AUX|Person=3|Tense=Pres|VerbForm=Fin",
      "Definite=Def|Gender=Masc|Number=Plur|POS=ADP|PronType=Art",
      "Gender=Masc|Number=Plur|POS=PRON|PronType=Rel",
      "Gender=Fem|Number=Sing|POS=PRON|Person=3|PronType=Prs",
      "Mood=Ind|Number=Plur|POS=VERB|Person=3|Tense=Pres|VerbForm=Fin",
      "POS=ADV|Polarity=Neg",
      "Gender=Masc|Number=Sing|POS=DET|PronType=Art",
      "POS=X",
      "Gender=Masc|Number=Plur|POS=PRON|PronType=Dem",
      "Gender=Fem|Number=Plur|POS=DET|PronType=Ind",
      "Mood=Ind|Number=Plur|POS=VERB|Person=1|Tense=Pres|VerbForm=Fin",
      "Gender=Masc|Number=Plur|POS=PRON|PronType=Tot",
      "Case=Acc|Gender=Masc|Mood=Ind|Number=Plur|POS=VERB|Person=1|PronType=Prs|Tense=Pres|VerbForm=Fin",
      "Number=Sing|POS=CCONJ",
      "Gender=Masc|Number=Sing|POS=VERB|VerbForm=Part",
      "Gender=Masc|Number=Plur|POS=DET|PronType=Dem",
      "Case=Acc|Gender=Masc|Number=Plur|POS=VERB|Person=3|PronType=Prs|VerbForm=Inf",
      "Gender=Masc|Number=Sing|POS=DET|PronType=Dem",
      "Gender=Masc|Number=Sing|POS=PRON|PronType=Rel",
      "Case=Acc|Gender=Fem|Number=Plur|POS=VERB|Person=3|PronType=Prs|VerbForm=Inf",
      "Gender=Fem|Number=Plur|POS=PRON|PronType=Ind",
      "Gender=Masc|Number=Plur|POS=DET|PronType=Prs",
      "Case=Acc|Gender=Masc|Mood=Sub|Number=Plur|POS=VERB|Person=3|PronType=Prs|Tense=Pres|VerbForm=Fin",
      "Number=Plur|POS=NOUN",
      "Mood=Sub|Number=Plur|POS=VERB|Person=3|Tense=Fut|VerbForm=Fin",
      "POS=AUX|VerbForm=Inf",
      "Gender=Fem|Number=Plur|POS=VERB|VerbForm=Part|Voice=Pass",
      "Case=Nom|Gender=Masc|Number=Plur|POS=PRON|Person=3|PronType=Prs",
      "Gender=Masc|Number=Sing|POS=ADP|PronType=Dem",
      "Gender=Masc|Number=Sing|POS=PRON|PronType=Dem",
      "POS=VERB|VerbForm=Ger",
      "Mood=Ind|Number=Plur|POS=AUX|Person=3|Tense=Pres|VerbForm=Fin",
      "Gender=Masc|Number=Plur|POS=VERB|VerbForm=Part|Voice=Pass",
      "Gender=Masc|Number=Plur|POS=PROPN",
      "Number=Plur|POS=AUX|Person=3|VerbForm=Inf",
      "Gender=Fem|Number=Sing|POS=PRON|PronType=Dem",
      "Mood=Ind|Number=Sing|POS=VERB|Person=3|Tense=Fut|VerbForm=Fin",
      "Gender=Masc|Number=Plur|POS=PRON|PronType=Ind",
      "Mood=Ind|Number=Plur|POS=VERB|Person=3|Tense=Past|VerbForm=Fin",
      "Definite=Def|Gender=Masc|Number=Sing|POS=PRON|PronType=Art",
      "POS=VERB|VerbForm=Part",
      "Gender=Masc|NumType=Ord|Number=Sing|POS=ADJ",
      "Mood=Ind|Number=Sing|POS=VERB|Person=3|Tense=Past|VerbForm=Fin",
      "Gender=Fem|Number=Sing|POS=DET|PronType=Dem",
      "Definite=Ind|Gender=Fem|Number=Sing|POS=ADP|PronType=Art",
      "Gender=Fem|Number=Sing|POS=PRON|PronType=Rel",
      "Mood=Sub|Number=Sing|POS=VERB|Person=3|Tense=Pres|VerbForm=Fin",
      "Definite=Def|Gender=Fem|Number=Sing|POS=ADP|PronType=Art",
      "Mood=Ind|Number=Sing|POS=AUX|Person=3|Tense=Past|VerbForm=Fin",
      "Case=Acc|Gender=Masc|Mood=Ind|Number=Sing|POS=VERB|Person=3|PronType=Prs|Tense=Pres|VerbForm=Fin",
      "Case=Acc|Gender=Masc|Number=Plur|POS=PRON|Person=3|PronType=Prs",
      "Gender=Masc|Number=Sing|POS=VERB|VerbForm=Part|Voice=Pass",
      "Case=Dat|Gender=Masc|Number=Sing|POS=PRON|Person=3|PronType=Prs",
      "Mood=Ind|Number=Sing|POS=VERB|Person=1|Tense=Pres|VerbForm=Fin",
      "Case=Nom|Number=Plur|POS=PRON|Person=1|PronType=Prs",
      "Mood=Sub|Number=Plur|POS=VERB|Person=1|Tense=Imp|VerbForm=Fin",
      "Mood=Sub|Number=Sing|POS=VERB|Person=3|Tense=Fut|VerbForm=Fin",
      "Gender=Fem|NumType=Ord|Number=Plur|POS=ADJ",
      "Gender=Fem|Number=Plur|POS=DET|PronType=Prs",
      "Gender=Masc|Number=Plur|POS=DET|PronType=Ind",
      "Gender=Masc|NumType=Ord|Number=Plur|POS=ADJ",
      "Case=Acc|Gender=Masc|Mood=Ind|Number=Plur|POS=VERB|Person=3|PronType=Prs|Tense=Pres|VerbForm=Fin",
      "NumType=Ord|POS=ADJ",
      "Definite=Def|Gender=Masc|Number=Sing|POS=DET|PronType=Dem",
      "Case=Acc|Gender=Fem|Mood=Ind|Number=Sing|POS=VERB|Person=3|PronType=Prs|Tense=Pres|VerbForm=Fin",
      "Gender=Masc|Number=Sing|POS=PRON|PronType=Ind",
      "Number=Plur|POS=ADJ",
      "Gender=Fem|Number=Sing|POS=VERB|VerbForm=Part|Voice=Pass",
      "Mood=Ind|Number=Sing|POS=AUX|Person=3|Tense=Fut|VerbForm=Fin",
      "Gender=Masc|Number=Sing|POS=SCONJ|PronType=Dem",
      "Mood=Sub|Number=Sing|POS=AUX|Person=3|Tense=Fut|VerbForm=Fin",
      "Gender=Fem|Number=Sing|POS=DET|PronType=Tot",
      "Gender=Fem|Number=Sing|POS=PRON|PronType=Ind",
      "Gender=Masc|Number=Plur|POS=VERB|VerbForm=Part",
      "Gender=Fem|Number=Plur|POS=VERB|VerbForm=Part",
      "Gender=Masc|NumType=Mult|Number=Sing|POS=NUM",
      "Number=Sing|POS=PRON|PronType=Ind",
      "Mood=Ind|Number=Plur|POS=AUX|Person=3|Tense=Past|VerbForm=Fin",
      "Case=Acc|Gender=Fem|Number=Plur|POS=PRON|Person=3|PronType=Prs",
      "Mood=Cnd|Number=Sing|POS=VERB|Person=3|VerbForm=Fin",
      "Gender=Fem|Number=Plur|POS=PRON|PronType=Rel",
      "Number=Plur|POS=PRON|Person=1|PronType=Prs",
      "Mood=Sub|Number=Plur|POS=VERB|Person=3|Tense=Pres|VerbForm=Fin",
      "Case=Acc|Gender=Fem|Number=Sing|POS=PRON|Person=3|PronType=Prs",
      "Gender=Masc|Number=Plur|POS=DET|PronType=Tot",
      "Gender=Masc|Number=Sing|POS=PROPN|PronType=Art",
      "Gender=Fem|Number=Sing|POS=DET|PronType=Prs",
      "Case=Acc|Gender=Masc|Number=Sing|POS=PRON|Person=3|PronType=Prs",
      "Number=Sing|POS=VERB|Person=3|VerbForm=Inf",
      "Case=Nom|Gender=Masc|Number=Sing|POS=PRON|Person=1|PronType=Prs",
      "Mood=Ind|Number=Sing|POS=AUX|Person=1|Tense=Pres|VerbForm=Fin",
      "Mood=Ind|Number=Sing|POS=VERB|Person=1|Tense=Past|VerbForm=Fin",
      "Case=Nom|Gender=Fem|Number=Sing|POS=PRON|Person=3|PronType=Prs",
      "Case=Acc|Number=Plur|POS=PRON|Person=1|PronType=Prs",
      "Mood=Sub|Number=Sing|POS=VERB|Person=3|Tense=Imp|VerbForm=Fin",
      "Mood=Cnd|Number=Sing|POS=AUX|Person=3|VerbForm=Fin",
      "POS=AUX|VerbForm=Part",
      "POS=SPACE",
      "Gender=Fem|Number=Sing|POS=DET|PronType=Ind",
      "Case=Nom|Gender=Masc|Number=Sing|POS=PRON|Person=3|PronType=Prs",
      "Mood=Ind|Number=Sing|POS=AUX|Person=1|Tense=Past|VerbForm=Fin",
      "Case=Nom|Number=Sing|POS=PRON|Person=1|PronType=Prs",
      "Number=Sing|POS=PRON|PronType=Rel",
      "Number=Sing|POS=DET|PronType=Art",
      "Definite=Def|Gender=Fem|Number=Plur|POS=ADP|PronType=Art",
      "Mood=Ind|Number=Plur|POS=VERB|Person=3|Tense=Imp|VerbForm=Fin",
      "Mood=Ind|Number=Sing|POS=AUX|Person=3|Tense=Imp|VerbForm=Fin",
      "Gender=Masc|NumType=Frac|Number=Sing|POS=NUM",
      "Gender=Masc|Number=Sing|POS=DET|PronType=Prs",
      "Mood=Ind|Number=Sing|POS=VERB|Person=3|Tense=Imp|VerbForm=Fin",
      "Mood=Ind|Number=Plur|POS=AUX|Person=3|Tense=Imp|VerbForm=Fin",
      "Case=Acc|Gender=Masc|Mood=Ind|Number=Sing|POS=PRON|Person=3|PronType=Prs|Tense=Pres|VerbForm=Fin",
      "Gender=Fem|Number=Sing|POS=ADP|PronType=Dem",
      "Gender=Masc|Number=Plur|POS=DET|PronType=Art",
      "Case=Acc|Gender=Masc|Number=Sing|POS=PRON|Person=1|PronType=Prs",
      "Gender=Fem|NumType=Ord|Number=Sing|POS=ADJ",
      "Case=Acc|Gender=Masc|Number=Sing|POS=VERB|Person=3|PronType=Prs|VerbForm=Inf",
      "Number=Plur|POS=VERB|Person=3|VerbForm=Inf",
      "Definite=Def|Gender=Masc|Number=Sing|POS=SCONJ|PronType=Art",
      "Definite=Def|POS=SCONJ|PronType=Art",
      "Gender=Masc|Number=Plur|POS=ADP|PronType=Art",
      "Mood=Ind|Number=Sing|POS=VERB|Person=3|Tense=Pqp|VerbForm=Fin",
      "Case=Acc|Gender=Masc|Mood=Ind|Number=Sing|POS=VERB|Person=3|PronType=Prs|Tense=Past|VerbForm=Fin",
      "Gender=Fem|Number=Plur|POS=PRON|PronType=Dem",
      "Gender=Fem|Number=Plur|POS=PROPN",
      "Case=Acc|POS=PRON|PronType=Prs",
      "Mood=Ind|Number=Plur|POS=VERB|Person=3|VerbForm=Fin",
      "POS=AUX",
      "Case=Acc|Mood=Ind|Number=Sing|POS=VERB|Person=3|PronType=Prs|Tense=Past|VerbForm=Fin",
      "Gender=Masc|Number=Sing|POS=ADP|PronType=Art",
      "Gender=Fem|Number=Sing|POS=ADP|PronType=Art",
      "POS=INTJ",
      "Case=Acc|Mood=Ind|Number=Sing|POS=VERB|Person=3|PronType=Prs|Tense=Pres|VerbForm=Fin",
      "Number=Sing|POS=PRON|PronType=Int",
      "Gender=Fem|Number=Sing|POS=DET|PronType=Rel",
      "Gender=Masc|Number=Sing|POS=DET|PronType=Emp",
      "Case=Acc|Mood=Sub|Number=Sing|POS=VERB|Person=3|PronType=Prs|Tense=Pres|VerbForm=Fin",
      "Gender=Masc|POS=PRON|PronType=Ind",
      "Gender=Fem|Number=Plur|POS=DET|PronType=Rel",
      "Gender=Masc|Number=Sing|POS=PRON|Person=3|PronType=Prs",
      "Definite=Ind|Gender=Masc|Number=Sing|POS=ADP|PronType=Art",
      "Mood=Ind|Number=Sing|POS=AUX|Person=3|Tense=Pqp|VerbForm=Fin",
      "Mood=Ind|Number=Sing|POS=VERB|Person=2|Tense=Past|VerbForm=Fin",
      "Mood=Ind|Number=Sing|POS=AUX|Person=2|Tense=Pres|VerbForm=Fin",
      "Case=Dat|Gender=Masc|Mood=Ind|Number=Sing|POS=VERB|Person=3|PronType=Prs|Tense=Pres|VerbForm=Fin",
      "Case=Acc|Gender=Fem|Mood=Ind|Number=Plur,Sing|POS=VERB|Person=3|PronType=Prs|Tense=Pres|VerbForm=Fin",
      "Case=Acc|Number=Sing|POS=PRON|Person=3|PronType=Prs",
      "Case=Acc|Gender=Masc|POS=VERB|PronType=Prs|VerbForm=Inf",
      "Mood=Ind|Number=Plur|POS=AUX|Person=3|Tense=Fut|VerbForm=Fin",
      "Case=Acc|Gender=Fem|Mood=Ind|Number=Sing|POS=VERB|Person=3|PronType=Prs|Tense=Fut|VerbForm=Fin",
      "Gender=Fem|Number=Sing|POS=DET|PronType=Emp",
      "Case=Acc|Gender=Fem|Number=Sing|POS=VERB|Person=3|PronType=Prs|VerbForm=Inf",
      "Gender=Masc|Number=Plur|POS=NOUN|Voice=Pass",
      "Gender=Fem|Number=Plur|POS=PRON|Person=1|PronType=Prs",
      "Gender=Masc|Number=Sing|POS=DET|PronType=Tot",
      "Mood=Ind|Number=Plur|POS=VERB|Person=3|Tense=Fut|VerbForm=Fin",
      "Case=Acc|Gender=Fem|Mood=Ind|Number=Plur|POS=VERB|Person=3|PronType=Prs|Tense=Pres|VerbForm=Fin",
      "Gender=Masc|Number=Sing|POS=DET|PronType=Int",
      "Case=Acc|POS=VERB|PronType=Prs|VerbForm=Ger",
      "Gender=Fem|Number=Plur|POS=DET|PronType=Dem",
      "Case=Acc|Mood=Ind|Number=Sing|POS=VERB|Person=3|PronType=Prs|Tense=Imp|VerbForm=Fin",
      "Number=Sing|POS=ADJ",
      "Mood=Cnd|Number=Sing|POS=VERB|Person=1|VerbForm=Fin",
      "Mood=Sub|Number=Plur|POS=VERB|Person=1|Tense=Pres|VerbForm=Fin",
      "Gender=Fem|Number=Plur|POS=DET|PronType=Tot",
      "Gender=Masc|Number=Plur|POS=ADP|PronType=Dem",
      "Case=Acc|Gender=Masc|Mood=Ind|Number=Plur|POS=VERB|Person=3|PronType=Prs|Tense=Past|VerbForm=Fin",
      "Mood=Sub|Number=Plur|POS=VERB|Person=3|Tense=Imp|VerbForm=Fin",
      "Mood=Cnd|Number=Plur|POS=VERB|Person=3|VerbForm=Fin",
      "Gender=Masc|Number=Plur|POS=PRON|Person=3|PronType=Prs",
      "Case=Acc|Gender=Fem|Mood=Ind|Number=Plur|POS=VERB|Person=3|PronType=Prs|Tense=Past|VerbForm=Fin",
      "Number=Sing|POS=AUX|Person=3|VerbForm=Inf",
      "Gender=Masc|Number=Plur|POS=PRON|PronType=Int",
      "Gender=Masc|Number=Sing|POS=PRON|PronType=Int",
      "Mood=Ind|Number=Plur|POS=VERB|Person=1|Tense=Imp|VerbForm=Fin",
      "Gender=Masc|Number=Plur|POS=DET|PronType=Int",
      "Gender=Fem|Number=Plur|POS=DET|PronType=Int",
      "Gender=Masc|Number=Sing|POS=NUM",
      "Number=Sing|POS=NOUN",
      "Case=Acc|Mood=Ind|Number=Sing|POS=VERB|Person=3|PronType=Prs|Tense=Fut|VerbForm=Fin",
      "Gender=Fem|Number=Plur|POS=ADP|PronType=Art",
      "Gender=Fem|Number=Plur|POS=ADP|PronType=Dem",
      "Case=Dat|Gender=Masc|Number=Sing|POS=PRON|Person=1|PronType=Prs",
      "Mood=Ind|Number=Sing|POS=AUX|Person=1|Tense=Imp|VerbForm=Fin",
      "Mood=Ind|Number=Sing|POS=VERB|Person=1|Tense=Imp|VerbForm=Fin",
      "Gender=Masc|Number=Sing|POS=PART",
      "Number=Sing|POS=PRON|Person=3|PronType=Prs",
      "Number=Plur|POS=DET|PronType=Ind",
      "Case=Acc|Mood=Ind|Number=Sing|POS=AUX|Person=3|PronType=Prs|Tense=Pres|VerbForm=Fin",
      "Case=Dat|Gender=Masc|Number=Plur|POS=VERB|Person=3|PronType=Prs|VerbForm=Inf",
      "Gender=Masc|Number=Sing|POS=ADV",
      "Gender=Masc|Number=Sing|POS=DET|PronType=Rel",
      "Case=Dat|Mood=Ind|Number=Sing|POS=VERB|Person=3|PronType=Prs|Tense=Past|VerbForm=Fin",
      "Case=Dat|Gender=Masc|Mood=Ind|Number=Sing|POS=VERB|Person=3|PronType=Prs|Tense=Past|VerbForm=Fin",
      "Gender=Fem|Number=Sing|POS=DET|PronType=Neg",
      "Mood=Sub|Number=Sing|POS=AUX|Person=3|Tense=Imp|VerbForm=Fin",
      "Case=Dat|Gender=Masc|Number=Sing|POS=AUX|Person=3|PronType=Prs|VerbForm=Ger",
      "NumType=Card|POS=DET",
      "Number=Plur|POS=VERB|Person=1|VerbForm=Inf",
      "Gender=Fem|Number=Sing|POS=PRON|PronType=Int",
      "Mood=Cnd|Number=Plur|POS=AUX|Person=3|VerbForm=Fin",
      "Gender=Masc|POS=ADJ",
      "POS=NOUN",
      "POS=AUX|VerbForm=Ger",
      "Case=Dat|Mood=Ind|Number=Plur,Sing|POS=VERB|Person=1,3|PronType=Prs|Tense=Past|VerbForm=Fin",
      "Case=Acc|Mood=Ind|Number=Plur,Sing|POS=VERB|Person=1,3|PronType=Prs|Tense=Pres|VerbForm=Fin",
      "Mood=Ind|Number=Plur|POS=AUX|Person=1|Tense=Pres|VerbForm=Fin",
      "Case=Acc|Mood=Ind|Number=Sing|POS=VERB|Person=1|PronType=Prs|Tense=Past|VerbForm=Fin",
      "Case=Acc|Gender=Fem|Number=Sing|POS=AUX|Person=3|PronType=Prs|VerbForm=Inf",
      "Case=Acc|Gender=Masc|Number=Sing|POS=PRON|Person=2|PronType=Prs",
      "Mood=Ind|Number=Sing|POS=VERB|Person=2|Tense=Pres|VerbForm=Fin",
      "Case=Dat|Gender=Fem|Number=Sing|POS=PRON|Person=3|PronType=Prs",
      "Definite=Def|Gender=Fem|Number=Sing|POS=SCONJ|PronType=Art",
      "Case=Acc|Mood=Ind|Number=Plur|POS=VERB|Person=1|PronType=Prs|Tense=Pres|VerbForm=Fin",
      "Mood=Sub|Number=Plur|POS=AUX|Person=3|Tense=Fut|VerbForm=Fin",
      "Case=Dat|Gender=Masc|Number=Plur|POS=PRON|Person=3|PronType=Prs",
      "Gender=Fem|Number=Sing|POS=DET|PronType=Art",
      "Gender=Fem|Number=Sing|POS=DET",
      "Case=Acc|Gender=Fem|Mood=Ind|Number=Plur,Sing|POS=VERB|Person=3|PronType=Prs|Tense=Past|VerbForm=Fin",
      "Gender=Fem|Number=Plur|POS=DET|PronType=Art",
      "Mood=Ind|Number=Plur|POS=AUX|Person=3|VerbForm=Fin",
      "Case=Dat|Gender=Masc|Mood=Ind|Number=Plur,Sing|POS=VERB|Person=3|PronType=Prs|Tense=Imp|VerbForm=Fin",
      "Case=Dat|Number=Sing|POS=PRON|Person=3|PronType=Prs",
      "Gender=Masc|Number=Plur|POS=DET|PronType=Emp",
      "POS=PRON|PronType=Prs",
      "Gender=Masc|Number=Plur|POS=DET",
      "Case=Dat|Gender=Fem|Number=Sing|POS=VERB|Person=3|PronType=Prs|VerbForm=Inf",
      "Case=Dat|Gender=Masc|Mood=Ind|Number=Plur,Sing|POS=VERB|Person=3|PronType=Prs|Tense=Past|VerbForm=Fin",
      "Case=Acc|Gender=Masc|Mood=Ind|Number=Sing|POS=VERB|Person=1,3|PronType=Prs|Tense=Past|VerbForm=Fin",
      "Case=Dat|Gender=Masc|Mood=Ind|Number=Plur,Sing|POS=VERB|Person=1,3|PronType=Prs|Tense=Past|VerbForm=Fin",
      "Mood=Ind|Number=Sing|POS=AUX|Tense=Imp|VerbForm=Fin",
      "Gender=Fem|Number=Plur|POS=PRON|PronType=Tot",
      "Definite=Def|POS=DET|PronType=Art",
      "Case=Acc|Gender=Masc|POS=PRON|PronType=Prs",
      "POS=VERB|VerbForm=Fin",
      "Gender=Masc|NumType=Card|Number=Sing|POS=NUM",
      "Definite=Def|Gender=Masc|Number=Plur|POS=PRON|PronType=Art",
      "Gender=Masc|Number=Sing|POS=DET|PronType=Neg",
      "POS=VERB|VerbForm=Inf|Voice=Pass",
      "Case=Acc|Gender=Fem|Number=Plur|POS=VERB|Person=3|PronType=Prs|VerbForm=Ger",
      "Case=Acc|Number=Sing|POS=PRON|Person=1|PronType=Prs",
      "Gender=Masc|Number=Sing|POS=AUX|VerbForm=Part",
      "Case=Acc|Mood=Ind|Number=Plur|POS=VERB|Person=1|PronType=Prs|Tense=Past|VerbForm=Fin",
      "POS=PRON|Person=3|PronType=Prs|Reflex=Yes",
      "Number=Plur|POS=VERB|Person=3|Tense=Pres|VerbForm=Inf",
      "Case=Dat|Gender=Masc|Number=Plur|POS=PRON|Person=1|PronType=Prs",
      "Mood=Ind|Number=Plur|POS=AUX|Person=1|Tense=Imp|VerbForm=Fin",
      "Gender=Masc|Number=Sing|POS=PRON|Person=1|PronType=Prs",
      "Mood=Sub|Number=Sing|POS=VERB|Person=1|Tense=Imp|VerbForm=Fin",
      "Number=Sing|POS=PROPN|PronType=Art",
      "Case=Dat|Number=Sing|POS=VERB|Person=3|PronType=Prs|VerbForm=Inf",
      "Case=Acc|Gender=Masc|Mood=Ind|Number=Plur|POS=AUX|Person=3|PronType=Prs|Tense=Imp|VerbForm=Fin",
      "Case=Acc|Gender=Masc|Number=Sing|POS=VERB|Person=1|PronType=Prs|VerbForm=Inf",
      "Case=Acc|Gender=Fem|Mood=Ind|Number=Sing|POS=VERB|Person=3|PronType=Prs|Tense=Pqp|VerbForm=Fin",
      "Mood=Sub|Number=Plur|POS=VERB|Person=1|Tense=Fut|VerbForm=Fin",
      "Number=Sing|POS=PRON|Person=1|PronType=Prs",
      "Gender=Fem|Number=Sing|POS=ADJ|PronType=Dem",
      "Case=Acc|Gender=Masc|Mood=Ind|Number=Plur|POS=VERB|Person=3|PronType=Prs|Tense=Imp|VerbForm=Fin",
      "Case=Acc|Gender=Fem|Mood=Ind|Number=Sing|POS=VERB|Person=3|PronType=Prs|Tense=Past|VerbForm=Fin",
      "Case=Acc|Gender=Masc|Number=Plur|POS=PRON|Person=1|PronType=Prs",
      "Number=Plur|POS=AUX|Person=1|Tense=Past",
      "Case=Nom|Gender=Masc|Number=Plur|POS=PRON|Person=1|PronType=Prs",
      "Mood=Ind|Number=Plur|POS=VERB|Person=1|Tense=Past|VerbForm=Fin",
      "Mood=Ind|Number=Sing|POS=VERB|Person=3|Tense=Past|VerbForm=Fin|Voice=Pass",
      "Case=Acc|Gender=Masc|Number=Sing|POS=PRON|Person=3|PronType=Dem",
      "Gender=Masc|Number=Sing|POS=PRON|PronType=Neg",
      "POS=PRON|PronType=Dem",
      "Gender=Masc|Number=Sing|POS=DET",
      "Case=Acc|Gender=Masc|Number=Sing|POS=ADV|Person=3|PronType=Prs",
      "Case=Acc|Gender=Fem|Number=Sing|POS=VERB|Person=3|PronType=Prs|VerbForm=Ger",
      "POS=PRON|PronType=Ind",
      "Case=Acc|Gender=Masc|Mood=Ind|Number=Plur|POS=VERB|Person=3|PronType=Prs|Tense=Fut|VerbForm=Fin",
      "Gender=Masc|Number=Sing|POS=PRON|PronType=Tot",
      "Case=Dat|Mood=Ind|Number=Sing|POS=VERB|Person=1,3|PronType=Prs|Tense=Past|VerbForm=Fin",
      "Gender=Fem|Number=Plur|POS=PRON|Person=3|PronType=Prs",
      "Case=Acc|POS=VERB|PronType=Prs|VerbForm=Inf",
      "Case=Acc|Gender=Fem|Number=Sing|POS=PRON|Person=1|PronType=Prs",
      "Mood=Ind|Number=Plur|POS=VERB|Person=1|Tense=Fut|VerbForm=Fin",
      "Gender=Masc|Number=Sing|POS=X",
      "Case=Nom|Gender=Fem|Number=Plur|POS=PRON|Person=3|PronType=Prs",
      "Case=Acc|Gender=Fem|Mood=Ind|Number=Sing|POS=VERB|Person=1,3|PronType=Prs|Tense=Past|VerbForm=Fin",
      "Case=Nom|Number=Plur|POS=PRON|Person=3|PronType=Prs",
      "Case=Dat|Mood=Ind|Number=Sing|POS=VERB|Person=1,3|PronType=Prs|Tense=Pres|VerbForm=Fin",
      "Gender=Masc|Number=Plur|POS=DET|PronType=Rel",
      "Gender=Masc|Number=Sing|POS=SCONJ",
      "Gender=Masc|Number=Sing|POS=PRON",
      "Gender=Fem|POS=DET|PronType=Dem",
      "Gender=Masc|Number=Plur|POS=NUM",
      "Case=Acc|Gender=Masc|Number=Sing|POS=VERB|Person=3|PronType=Prs|VerbForm=Ger",
      "Definite=Def|Gender=Fem|Number=Plur|POS=PRON|PronType=Dem",
      "Case=Dat|Number=Plur|POS=PRON|Person=1|PronType=Prs",
      "Mood=Ind|Number=Sing|POS=VERB|Person=1|Tense=Fut|VerbForm=Fin",
      "Case=Acc|Mood=Ind|Number=Sing|POS=AUX|Person=1|PronType=Prs|Tense=Pres|VerbForm=Fin",
      "Mood=Ind|Number=Plur|POS=VERB|Person=3|Tense=Pres|VerbForm=Fin|Voice=Pass",
      "Case=Dat|Gender=Masc|Number=Sing|POS=VERB|Person=3|PronType=Prs|VerbForm=Inf",
      "Case=Acc|Gender=Masc|Mood=Ind|Number=Sing|POS=VERB|Person=3|PronType=Prs|Tense=Imp|VerbForm=Fin",
      "POS=ADP|PronType=Dem",
      "Definite=Def|Gender=Fem|POS=ADP|PronType=Art",
      "POS=ADP|PronType=Art",
      "Gender=Masc|Number=Sing|POS=ADP",
      "Gender=Masc|Number=Sing|POS=ADP|Person=3|PronType=Prs",
      "Mood=Ind|Number=Plur|POS=AUX|Person=3|Tense=Pqp|VerbForm=Fin",
      "Case=Dat|Gender=Fem|Mood=Ind|Number=Sing|POS=VERB|Person=3|PronType=Prs|Tense=Past|VerbForm=Fin",
      "Case=Acc|Gender=Fem|Mood=Ind|Number=Plur,Sing|POS=VERB|Person=3|PronType=Prs|Tense=Imp|VerbForm=Fin",
      "Mood=Ind|Number=Sing|POS=VERB|Tense=Imp|VerbForm=Fin",
      "Case=Dat|Gender=Fem|Mood=Ind|Number=Sing|POS=VERB|Person=3|PronType=Prs|Tense=Pres|VerbForm=Fin",
      "POS=DET",
      "Gender=Fem|Number=Plur|POS=DET|PronType=Emp",
      "Definite=Def|Gender=Fem|Number=Sing|POS=PRON|PronType=Art",
      "Case=Acc|Gender=Masc|Mood=Sub|Number=Sing|POS=VERB|Person=3|PronType=Prs|Tense=Pres|VerbForm=Fin",
      "Case=Dat|Mood=Ind|Number=Plur,Sing|POS=VERB|Person=1,3|PronType=Prs|Tense=Pres|VerbForm=Fin",
      "Number=Plur|POS=AUX|Person=1|VerbForm=Inf",
      "Case=Acc|Gender=Masc|Mood=Ind|Number=Sing|POS=VERB|Person=1|PronType=Prs|Tense=Pres|VerbForm=Fin",
      "Degree=Cmp|POS=ADJ",
      "Gender=Fem|Number=Plur|POS=ADP|PronType=Ind",
      "Case=Dat|Number=Sing|POS=PRON|Person=1|PronType=Prs",
      "Definite=Def|Gender=Masc|Number=Plur|POS=PRON|PronType=Dem",
      "Case=Acc|Mood=Ind|Number=Plur|POS=VERB|Person=3|PronType=Prs|Tense=Pres|VerbForm=Fin",
      "Mood=Sub|Number=Plur|POS=AUX|Person=3|Tense=Imp|VerbForm=Fin",
      "Number=Sing|POS=VERB|Person=3|VerbForm=Inf|Voice=Pass",
      "Mood=Sub|Number=Plur|POS=AUX|Person=3|Tense=Pres|VerbForm=Fin",
      "Case=Acc|Mood=Ind|Number=Plur,Sing|POS=VERB|Person=1,3|PronType=Prs|Tense=Past|VerbForm=Fin",
      "Case=Acc|Number=Plur|POS=VERB|Person=2|PronType=Prs|VerbForm=Inf",
      "Mood=Sub|Number=Sing|POS=VERB|Person=3|PronType=Prs|Tense=Pres|VerbForm=Fin",
      "Case=Acc|Gender=Masc|Mood=Ind|Number=Sing|POS=AUX|Person=3|PronType=Prs|Tense=Pres|VerbForm=Fin",
      "Gender=Fem,Masc|Number=Sing|POS=PROPN",
      "POS=PRON|PronType=Int",
      "Gender=Fem|Number=Plur|POS=NUM",
      "POS=PRON|PronType=Neg",
      "Gender=Fem|Number=Sing|POS=SCONJ|PronType=Dem",
      "POS=SYM",
      "Mood=Ind|Number=Plur|POS=VERB|Person=3|Tense=Pqp|VerbForm=Fin",
      "Gender=Fem|Number=Sing|POS=X",
      "Case=Dat|Mood=Ind|Number=Plur|POS=VERB|Person=1|PronType=Prs|Tense=Pres|VerbForm=Fin",
      "Gender=Masc|NumType=Sets|Number=Sing|POS=NUM",
      "Foreign=Yes|POS=NOUN",
      "Case=Dat|Gender=Fem|Number=Sing|POS=VERB|Person=3|PronType=Prs|VerbForm=Ger",
      "Case=Acc|POS=AUX|PronType=Prs|VerbForm=Inf",
      "Case=Acc|Gender=Masc|Mood=Ind|Number=Plur,Sing|POS=VERB|Person=3|PronType=Prs|Tense=Pres|VerbForm=Fin",
      "Number=Sing|POS=DET|PronType=Ind",
      "Case=Nom|Number=Sing|POS=PRON|Person=3|PronType=Prs",
      "Number=Plur|POS=PRON|PronType=Int",
      "Definite=Def|Gender=Masc|Number=Plur|POS=SCONJ|PronType=Art",
      "Gender=Masc|Number=Plur|POS=PRON|PronType=Prs",
      "Number=Sing|POS=VERB|VerbForm=Part|Voice=Pass",
      "Case=Acc|Gender=Fem|Mood=Ind|Number=Plur|POS=VERB|Person=3|PronType=Prs|Tense=Imp|VerbForm=Fin",
      "Gender=Masc|Number=Plur|POS=ADP|PronType=Ind",
      "Gender=Fem|Number=Sing|POS=PRON|PronType=Prs",
      "Mood=Ind|Number=Plur|POS=AUX|Person=1|Tense=Past|VerbForm=Fin",
      "Case=Acc|Gender=Fem|Mood=Ind|Number=Sing|POS=VERB|Person=1,3|PronType=Prs|Tense=Pres|VerbForm=Fin",
      "Gender=Fem|Number=Sing|POS=PRON|Person=1|PronType=Prs",
      "Case=Nom|Gender=Fem|Number=Sing|POS=PRON|Person=1|PronType=Prs",
      "Case=Acc|Gender=Fem|Mood=Ind|Number=Sing|POS=VERB|Person=1|PronType=Prs|Tense=Past|VerbForm=Fin",
      "Mood=Sub|Number=Sing|POS=VERB|Person=1|Tense=Fut|VerbForm=Fin",
      "Definite=Ind|Gender=Fem|Number=Sing|POS=SCONJ|PronType=Art",
      "Number=Sing|POS=VERB",
      "Number=Sing|POS=DET",
      "Mood=Cnd|Number=Plur|POS=VERB|Person=3|VerbForm=Fin|Voice=Pass",
      "NumType=Mult|POS=NUM",
      "Gender=Fem|Number=Sing|POS=PRON|PronType=Neg",
      "Mood=Ind|POS=VERB|Tense=Imp|VerbForm=Fin",
      "Case=Acc|Gender=Masc|Mood=Ind|Number=Sing|POS=VERB|Person=2|PronType=Prs|Tense=Past|VerbForm=Fin",
      "Number=Plur|POS=PRON|Person=2|PronType=Prs",
      "NumType=Card|Number=Plur|POS=NUM",
      "Case=Acc|Gender=Masc|Mood=Ind|Number=Sing|POS=AUX|Person=3|PronType=Prs|Tense=Past|VerbForm=Fin",
      "Case=Acc|Number=Sing|POS=VERB|Person=3|PronType=Prs|VerbForm=Ger",
      "Case=Acc|Mood=Sub|Number=Plur|POS=VERB|Person=3|PronType=Prs|Tense=Pres|VerbForm=Fin",
      "Mood=Ind|Number=Sing|POS=VERB|Person=2|Tense=Fut|VerbForm=Fin",
      "Case=Acc|Gender=Masc|Mood=Ind|Number=Sing|POS=AUX|Person=3|PronType=Prs|Tense=Imp|VerbForm=Fin",
      "Gender=Fem|Number=Sing|POS=SCONJ|PronType=Rel",
      "Case=Acc|Mood=Ind|Number=Plur|POS=VERB|Person=1,3|PronType=Prs|Tense=Pres|VerbForm=Fin",
      "Gender=Fem|Number=Sing|POS=DET|PronType=Int",
      "Gender=Masc|Number=Sing|POS=ADV|Polarity=Neg",
      "Case=Acc|Gender=Masc|Mood=Ind|Number=Plur,Sing|POS=VERB|Person=3|PronType=Prs|Tense=Imp|VerbForm=Fin",
      "Case=Acc|Mood=Ind|Number=Sing|POS=VERB|Person=1,3|PronType=Prs|Tense=Past|VerbForm=Fin",
      "Case=Acc|Number=Sing|POS=VERB|Person=1|PronType=Prs|VerbForm=Inf",
      "Number=Sing|POS=VERB|Person=1|VerbForm=Inf",
      "Definite=Def|Gender=Masc|POS=ADP|PronType=Art",
      "Gender=Masc|POS=NOUN",
      "Gender=Masc|NumType=Ord|Number=Sing|POS=NOUN",
      "Definite=Def|Gender=Fem|Number=Plur|POS=SCONJ|PronType=Art",
      "POS=ADJ",
      "Gender=Fem|Number=Sing|POS=ADV|PronType=Ind",
      "Mood=Sub|Number=Sing|POS=VERB|Person=1|Tense=Pres|VerbForm=Fin",
      "Case=Acc|Gender=Masc|Number=Sing|POS=PRON|PronType=Prs",
      "Case=Dat|Number=Plur|POS=PRON|Person=2|PronType=Prs",
      "Case=Acc|Number=Plur|POS=VERB|Person=1|PronType=Prs|VerbForm=Inf",
      "Number=Sing|POS=PRON|PronType=Tot",
      "Number=Sing|POS=DET|PronType=Rel",
      "Gender=Fem|Number=Plur|POS=VERB",
      "Case=Dat|Gender=Fem|Mood=Ind|Number=Plur|POS=VERB|Person=3|PronType=Prs|Tense=Pres|VerbForm=Fin",
      "Case=Acc|Gender=Masc|Number=Sing|POS=AUX|Person=3|PronType=Prs|VerbForm=Inf",
      "Case=Acc|Gender=Masc|Number=Plur,Sing|POS=VERB|Person=3|PronType=Prs|VerbForm=Inf",
      "Case=Acc|Gender=Fem|Number=Sing|POS=VERB|PronType=Prs|VerbForm=Inf",
      "Number=Sing|POS=DET|PronType=Tot",
      "Case=Acc|Gender=Masc|Number=Plur|POS=VERB|Person=3|PronType=Prs|VerbForm=Ger",
      "NumType=Range|POS=NUM",
      "Case=Dat|Mood=Ind|Number=Plur|POS=VERB|Person=3|PronType=Prs|Tense=Pres|VerbForm=Fin",
      "Mood=Sub|POS=VERB|Tense=Pres|VerbForm=Fin",
      "Number=Plur|POS=PRON|PronType=Rel",
      "Case=Dat|Gender=Masc|Mood=Cnd|Number=Sing|POS=VERB|Person=3|PronType=Prs|VerbForm=Fin",
      "Case=Acc|Gender=Fem|Mood=Cnd|Number=Sing|POS=VERB|Person=3|PronType=Prs|VerbForm=Fin",
      "Case=Dat|Gender=Fem|Number=Plur|POS=VERB|Person=3|PronType=Prs|VerbForm=Inf",
      "Case=Acc|Gender=Fem|Mood=Ind|Number=Sing|POS=AUX|Person=3|PronType=Prs|Tense=Pres|VerbForm=Fin",
      "Case=Acc|Mood=Sub|Number=Sing|POS=AUX|Person=3|PronType=Prs|Tense=Pres|VerbForm=Fin",
      "Case=Acc|Gender=Masc|Mood=Ind|Number=Sing|POS=VERB|Person=3|PronType=Prs|Tense=Fut|VerbForm=Fin",
      "Case=Dat|Gender=Masc|Number=Sing|POS=VERB|Person=3|PronType=Prs|VerbForm=Ger",
      "Case=Acc|Gender=Masc|Number=Plur|POS=VERB|Person=1|PronType=Prs|VerbForm=Inf",
      "Case=Dat|Gender=Masc|Mood=Ind|Number=Plur,Sing|POS=VERB|Person=1,3|PronType=Prs|Tense=Pres|VerbForm=Fin",
      "Case=Acc|Gender=Fem|Mood=Ind|Number=Plur,Sing|POS=VERB|Person=1,3|PronType=Prs|Tense=Past|VerbForm=Fin",
      "Gender=Fem|Number=Plur|POS=PRON|PronType=Int",
      "Case=Acc|Gender=Fem|Mood=Ind|Number=Plur,Sing|POS=VERB|Person=1,3|PronType=Prs|Tense=Imp|VerbForm=Fin",
      "Number=Sing|POS=VERB|Person=1|VerbForm=Inf|Voice=Pass",
      "Case=Acc|Gender=Fem|Mood=Ind|Number=Sing|POS=VERB|Person=3|PronType=Prs|Tense=Imp|VerbForm=Fin",
      "Gender=Masc|Number=Plur|POS=SCONJ|PronType=Dem",
      "NumType=Frac|POS=NUM",
      "Gender=Masc|Number=Sing|POS=PRON|Person=2|PronType=Prs",
      "Case=Dat|Gender=Fem|Mood=Ind|Number=Sing|POS=VERB|Person=1,3|PronType=Prs|Tense=Pres|VerbForm=Fin",
      "Gender=Fem|Number=Sing|POS=ADP|PronType=Ind",
      "Gender=Masc|Mood=Ind|Number=Sing|POS=VERB|Person=3|VerbForm=Fin",
      "Case=Acc|Gender=Masc|Mood=Ind|Number=Plur,Sing|POS=VERB|Person=3|PronType=Prs|Tense=Past|VerbForm=Fin",
      "Mood=Imp|Number=Sing|POS=VERB|Person=2|VerbForm=Fin",
      "Gender=Fem|Number=Sing|POS=ADV|PronType=Rel",
      "Mood=Cnd|POS=VERB|VerbForm=Fin",
      "Case=Dat|Gender=Masc|Mood=Cnd|Number=Sing|POS=VERB|Person=1,3|PronType=Prs|VerbForm=Fin",
      "Mood=Ind|Number=Plur|POS=VERB|Person=3|Tense=Past|VerbForm=Fin|Voice=Pass",
      "Case=Dat|Gender=Masc|Mood=Ind|Number=Plur|POS=VERB|Person=3|PronType=Prs|Tense=Imp|VerbForm=Fin",
      "Gender=Masc|Number=Sing|POS=PRON|PronType=Prs",
      "Gender=Masc|Number=Sing|POS=ADP|PronType=Ind",
      "Case=Acc|Gender=Fem|Number=Plur|POS=VERB|Person=3|PronType=Prs|VerbForm=Inf|Voice=Pass",
      "POS=VERB|VerbForm=Part|Voice=Pass",
      "Case=Dat|Mood=Cnd|Number=Sing|POS=VERB|Person=1,3|PronType=Prs|VerbForm=Fin",
      "Mood=Ind|Number=Sing|POS=VERB|Person=3|Tense=Pres|VerbForm=Fin|Voice=Pass",
      "Number=Sing|POS=X",
      "POS=PROPN",
      "Mood=Cnd|Number=Plur|POS=VERB|Person=1|VerbForm=Fin",
      "Case=Acc|Number=Sing|POS=VERB|Person=3|PronType=Prs|VerbForm=Inf",
      "Case=Dat|Number=Plur|POS=PRON|Person=3|PronType=Prs",
      "Case=Acc|Gender=Fem|Mood=Ind|Number=Plur|POS=VERB|Person=3|PronType=Prs|Tense=Pres|VerbForm=Fin|Voice=Pass",
      "Gender=Masc|Number=Sing|POS=ADV|PronType=Int",
      "Case=Dat|Mood=Ind|Number=Sing|POS=AUX|Person=1,3|PronType=Prs|Tense=Past|VerbForm=Fin",
      "Case=Acc|Gender=Masc|Mood=Ind|Number=Sing|POS=VERB|Person=3|PronType=Prs|Tense=Past|VerbForm=Fin|Voice=Pass",
      "Case=Acc|Number=Plur|POS=VERB|Person=3|PronType=Prs|VerbForm=Inf",
      "Mood=Ind|Number=Plur|POS=VERB|Person=3|Tense=Imp|VerbForm=Fin|Voice=Pass",
      "Case=Dat|Gender=Fem|Number=Plur|POS=PRON|Person=3|PronType=Prs",
      "Case=Acc,Dat|Gender=Fem|Number=Sing|POS=PRON|Person=3|PronType=Prs",
      "Case=Acc|Gender=Masc|Number=Sing|POS=PRON|Person=3|PronType=Int",
      "Mood=Ind|Number=Sing|POS=AUX|Person=1|Tense=Pqp|VerbForm=Fin",
      "Case=Acc|Gender=Masc|POS=AUX|PronType=Prs|VerbForm=Ger",
      "Case=Acc|Gender=Fem|POS=AUX|PronType=Prs|VerbForm=Ger",
      "Case=Acc|Gender=Fem|Mood=Sub|Number=Plur|POS=VERB|Person=3|PronType=Prs|Tense=Pres|VerbForm=Fin|Voice=Pass",
      "Case=Dat|Number=Plur|POS=VERB|Person=1|PronType=Prs|VerbForm=Inf",
      "Case=Acc|Gender=Masc|Mood=Sub|Number=Plur|POS=VERB|Person=3|PronType=Prs|Tense=Pres|VerbForm=Fin|Voice=Pass",
      "Case=Acc|Gender=Masc|Number=Sing|POS=AUX|Person=3|PronType=Prs|VerbForm=Ger",
      "Mood=Ind|Number=Plur|POS=AUX|Person=1|Tense=Fut|VerbForm=Fin",
      "Case=Acc|Mood=Ind|Number=Plur,Sing|POS=VERB|Person=1,3|PronType=Prs|Tense=Imp|VerbForm=Fin",
      "Gender=Fem|Number=Plur|POS=PRON|PronType=Prs",
      "Gender=Fem|Number=Plur|POS=X",
      "Definite=Def|Gender=Masc|Number=Plur|POS=PRON|PronType=Rel",
      "Definite=Ind|Gender=Fem|POS=DET|PronType=Art",
      "Case=Acc|Gender=Fem|Mood=Ind|Number=Sing|POS=VERB|Person=3|PronType=Prs|Tense=Pres|VerbForm=Fin|Voice=Pass",
      "Mood=Ind|Number=Sing|POS=VERB|Tense=Pqp|VerbForm=Fin",
      "Case=Dat|Gender=Masc|Mood=Ind|Number=Plur|POS=VERB|Person=3|PronType=Prs|Tense=Pres|VerbForm=Fin",
      "Mood=Sub|Number=Sing|POS=VERB|Tense=Pres|VerbForm=Fin",
      "Number=Sing|POS=NUM",
      "Number=Plur|POS=PROPN",
      "Case=Dat|POS=PRON|PronType=Prs",
      "Gender=Masc|Number=Sing|POS=VERB",
      "Case=Acc|Mood=Ind|Number=Sing|POS=VERB|Person=3|PronType=Prs|Tense=Pres|VerbForm=Fin|Voice=Pass",
      "Definite=Def|Number=Sing|POS=DET|PronType=Art",
      "Gender=Fem|Number=Sing|POS=PROPN|PronType=Art",
      "Gender=Masc|Number=Plur|POS=VERB",
      "Gender=Masc|Number=Plur|POS=PRON|Person=1|PronType=Prs",
      "Case=Acc|Gender=Masc|Mood=Ind|Number=Sing|POS=VERB|Person=3|PronType=Prs|Tense=Pqp|VerbForm=Fin",
      "Gender=Masc|Number=Sing|POS=ADV|PronType=Ind",
      "Mood=Sub|Number=Sing|POS=AUX|Tense=Imp|VerbForm=Fin",
      "Gender=Masc|Number=Plur|POS=ADJ|Voice=Pass",
      "Mood=Imp|Number=Sing|POS=AUX|Person=2|VerbForm=Fin",
      "Mood=Sub|Number=Sing|POS=AUX|Person=1|Tense=Imp|VerbForm=Fin",
      "Definite=Def|Gender=Masc|Number=Sing|POS=PRON|PronType=Rel",
      "Mood=Cnd|Number=Sing|POS=VERB|Person=3|VerbForm=Fin|Voice=Pass",
      "POS=DET|PronType=Ind",
      "POS=SCONJ|VerbForm=Ger",
      "Mood=Cnd|Number=Sing|POS=VERB|VerbForm=Fin",
      "Definite=Def|Gender=Fem|Number=Sing|POS=PRON|PronType=Dem",
      "Number=Sing|POS=ADP",
      "Gender=Fem|Number=Sing|POS=VERB",
      "Mood=Sub|Number=Sing|POS=VERB|Tense=Fut|VerbForm=Fin",
      "Definite=Def|Gender=Masc|Number=Sing|POS=PRON|PronType=Dem",
      "Case=Acc|Gender=Fem|POS=PRON|PronType=Prs",
      "Mood=Sub|Number=Sing|POS=VERB|Person=3|Tense=Past|VerbForm=Fin",
      "Gender=Masc|POS=PROPN",
      "Gender=Fem|Number=Plur|POS=DET",
      "Gender=Masc|Number=Plur|POS=PRON",
      "Gender=Masc|Number=Sing|POS=SCONJ|PronType=Rel",
      "Gender=Masc|Number=Sing|POS=VERB|Tense=Past|VerbForm=Part",
      "NumType=Ord|POS=NUM",
      "POS=DET|PronType=Int",
      "Case=Acc|Number=Sing|POS=PRON|Person=3|PronType=Prs|VerbForm=Ger",
      "Case=Dat|Gender=Fem|Number=Sing|POS=PRON|Person=1|PronType=Prs",
      "Mood=Ind|Number=Plur|POS=VERB|Person=2|Tense=Pres|VerbForm=Fin",
      "Case=Nom|Number=Plur|POS=PRON|Person=2|PronType=Prs",
      "Case=Acc|Gender=Fem|Mood=Ind|Number=Plur|POS=VERB|Person=3|PronType=Prs|VerbForm=Fin",
      "POS=PART",
      "Mood=Ind|Number=Sing|POS=AUX|Person=1|Tense=Fut|VerbForm=Fin",
      "Mood=Cnd|Number=Sing|POS=AUX|Person=1|VerbForm=Fin",
      "Case=Acc|Gender=Masc|Number=Plur,Sing|POS=VERB|Person=1,3|PronType=Prs|VerbForm=Inf",
      "NumType=Card|POS=ADP",
      "Gender=Fem|Number=Sing|POS=PRON|PronType=Tot",
      "Gender=Masc|Number=Sing|POS=ADP|PronType=Rel",
      "Mood=Ind|Number=Sing|POS=VERB|Person=1|Tense=Pqp|VerbForm=Fin",
      "Case=Acc|Mood=Ind|Number=Plur|POS=VERB|Person=3|PronType=Prs|Tense=Imp|VerbForm=Fin",
      "Case=Acc|Number=Plur|POS=PRON|Person=3|PronType=Prs",
      "Case=Nom|Gender=Masc|Number=Sing|POS=SCONJ|Person=3|PronType=Prs",
      "POS=VERB",
      "Case=Dat|Gender=Fem|Mood=Ind|Number=Sing|POS=VERB|Person=3|PronType=Prs|Tense=Imp|VerbForm=Fin",
      "Definite=Def|Gender=Fem|Number=Plur|POS=PRON|PronType=Art",
      "Case=Dat|Number=Sing|POS=VERB|Person=3|PronType=Prs|VerbForm=Ger",
      "Mood=Sub|Number=Plur|POS=AUX|Person=1|Tense=Pres|VerbForm=Fin"
    ],
    "parser":[
      "ROOT",
      "acl",
      "acl:relcl",
      "advcl",
      "advmod",
      "amod",
      "appos",
      "aux",
      "aux:pass",
      "case",
      "cc",
      "ccomp",
      "compound",
      "conj",
      "cop",
      "csubj",
      "dep",
      "det",
      "discourse",
      "expl",
      "fixed",
      "flat",
      "flat:foreign",
      "flat:name",
      "iobj",
      "mark",
      "nmod",
      "nsubj",
      "nsubj:pass",
      "nummod",
      "obj",
      "obl",
      "obl:agent",
      "parataxis",
      "punct",
      "xcomp"
    ],
    "attribute_ruler":[

    ],
    "ner":[
      "B-JURISPRUDENCIA",
      "B-LEGISLACAO",
      "B-LOCAL",
      "B-ORGANIZACAO",
      "B-PESSOA",
      "B-TEMPO",
      "I-JURISPRUDENCIA",
      "I-LEGISLACAO",
      "I-LOCAL",
      "I-ORGANIZACAO",
      "I-PESSOA",
      "I-TEMPO",
      "LOC",
      "MISC",
      "ORG",
      "PER"
    ]
  },
  "pipeline":[
    "tok2vec",
    "morphologizer",
    "parser",
    "lemmatizer",
    "attribute_ruler",
    "ner"
  ],
  "components":[
    "tok2vec",
    "morphologizer",
    "parser",
    "lemmatizer",
    "senter",
    "attribute_ruler",
    "ner"
  ],
  "disabled":[
    "senter"
  ],
  "performance":{
    "token_acc":1.0,
    "token_p":0.9988117635,
    "token_r":0.9995045581,
    "token_f":0.9991580407,
    "pos_acc":0.9624052702,
    "morph_acc":0.947102526,
    "morph_micro_p":0.9737674322,
    "morph_micro_r":0.9677967848,
    "morph_micro_f":0.9707729281,
    "morph_per_feat":{
      "Mood":{
        "p":0.9573690621,
        "r":0.9504232164,
        "f":0.9538834951
      },
      "Number":{
        "p":0.9923197492,
        "r":0.9859834917,
        "f":0.9891414733
      },
      "Person":{
        "p":0.9581993569,
        "r":0.9541088581,
        "f":0.9561497326
      },
      "Tense":{
        "p":0.9194373402,
        "r":0.9460526316,
        "f":0.9325551232
      },
      "VerbForm":{
        "p":0.9602227526,
        "r":0.9564183835,
        "f":0.9583167924
      },
      "Gender":{
        "p":0.9592865452,
        "r":0.9462612354,
        "f":0.9527293733
      },
      "PronType":{
        "p":0.9875130073,
        "r":0.980878553,
        "f":0.9841845994
      },
      "Definite":{
        "p":0.9965940054,
        "r":0.9911924119,
        "f":0.9938858696
      },
      "NumType":{
        "p":0.9611650485,
        "r":0.9737704918,
        "f":0.9674267101
      },
      "Voice":{
        "p":0.8965517241,
        "r":0.9069767442,
        "f":0.901734104
      },
      "Polarity":{
        "p":1.0,
        "r":1.0,
        "f":1.0
      },
      "Case":{
        "p":0.9,
        "r":0.9183673469,
        "f":0.9090909091
      }
    },
    "sents_p":0.9275362319,
    "sents_r":0.9490759452,
    "sents_f":0.9277043528,
    "dep_uas":0.8891065154,
    "dep_las":0.8444034795,
    "dep_las_per_type":{
      "cop":{
        "p":0.8441558442,
        "r":0.9219858156,
        "f":0.8813559322
      },
      "root":{
        "p":0.9148550725,
        "r":0.9017857143,
        "f":0.9082733813
      },
      "det":{
        "p":0.9668874172,
        "r":0.9615806806,
        "f":0.9642267474
      },
      "amod":{
        "p":0.9131513648,
        "r":0.8975609756,
        "f":0.9052890529
      },
      "nsubj":{
        "p":0.8687943262,
        "r":0.8551483421,
        "f":0.8619173263
      },
      "case":{
        "p":0.9745060548,
        "r":0.9757498405,
        "f":0.975127551
      },
      "nmod":{
        "p":0.800436205,
        "r":0.8173719376,
        "f":0.808815427
      },
      "flat:name":{
        "p":0.8305084746,
        "r":0.8909090909,
        "f":0.8596491228
      },
      "acl":{
        "p":0.5925925926,
        "r":0.5517241379,
        "f":0.5714285714
      },
      "advmod":{
        "p":0.7881355932,
        "r":0.7926136364,
        "f":0.790368272
      },
      "obl":{
        "p":0.6457925636,
        "r":0.6790123457,
        "f":0.6619859579
      },
      "conj":{
        "p":0.5655430712,
        "r":0.557195572,
        "f":0.56133829
      },
      "cc":{
        "p":0.8675213675,
        "r":0.8826086957,
        "f":0.875
      },
      "obj":{
        "p":0.8485477178,
        "r":0.7880539499,
        "f":0.8171828172
      },
      "obl:agent":{
        "p":0.8666666667,
        "r":0.8666666667,
        "f":0.8666666667
      },
      "acl:relcl":{
        "p":0.6517857143,
        "r":0.6886792453,
        "f":0.6697247706
      },
      "mark":{
        "p":0.858490566,
        "r":0.8504672897,
        "f":0.8544600939
      },
      "advcl":{
        "p":0.5147058824,
        "r":0.625,
        "f":0.564516129
      },
      "xcomp":{
        "p":0.8083333333,
        "r":0.776,
        "f":0.7918367347
      },
      "iobj":{
        "p":0.5,
        "r":0.2272727273,
        "f":0.3125
      },
      "appos":{
        "p":0.5789473684,
        "r":0.6036585366,
        "f":0.5910447761
      },
      "fixed":{
        "p":0.7547169811,
        "r":0.7142857143,
        "f":0.7339449541
      },
      "nummod":{
        "p":0.9668874172,
        "r":0.9358974359,
        "f":0.9511400651
      },
      "aux":{
        "p":0.9682539683,
        "r":0.9838709677,
        "f":0.976
      },
      "csubj":{
        "p":0.5,
        "r":0.375,
        "f":0.4285714286
      },
      "ccomp":{
        "p":0.6862745098,
        "r":0.5833333333,
        "f":0.6306306306
      },
      "orphan":{
        "p":0.0,
        "r":0.0,
        "f":0.0
      },
      "flat":{
        "p":1.0,
        "r":1.0,
        "f":1.0
      },
      "aux:pass":{
        "p":0.9850746269,
        "r":0.9705882353,
        "f":0.9777777778
      },
      "nsubj:pass":{
        "p":0.8363636364,
        "r":0.8518518519,
        "f":0.8440366972
      },
      "parataxis":{
        "p":0.3773584906,
        "r":0.2816901408,
        "f":0.3225806452
      },
      "list":{
        "p":0.0,
        "r":0.0,
        "f":0.0
      },
      "expl":{
        "p":0.72,
        "r":0.9473684211,
        "f":0.8181818182
      },
      "dep":{
        "p":0.0,
        "r":0.0,
        "f":0.0
      },
      "compound":{
        "p":1.0,
        "r":0.4,
        "f":0.5714285714
      },
      "vocative":{
        "p":0.0,
        "r":0.0,
        "f":0.0
      },
      "discourse":{
        "p":0.0,
        "r":0.0,
        "f":0.0
      },
      "expl:pass":{
        "p":0.0,
        "r":0.0,
        "f":0.0
      },
      "flat:foreign":{
        "p":1.0,
        "r":0.25,
        "f":0.4
      }
    },
    "lemma_acc":0.9675598039,
    "tag_acc":0.8880083214,
    "ents_p":0.8794147723,
    "ents_r":0.8800897408,
    "ents_f":0.8797521271,
    "ents_per_type":{
      "LOC":{
        "p":0.8992701735,
        "r":0.9184950774,
        "f":0.908780963
      },
      "PER":{
        "p":0.8891681327,
        "r":0.8956962025,
        "f":0.8924202295
      },
      "ORG":{
        "p":0.831196083,
        "r":0.7962921599,
        "f":0.813369838
      },
      "MISC":{
        "p":0.7922194335,
        "r":0.7308964605,
        "f":0.7603234687
      }
    },
    "speed":7800.3576991246
  },
  "sources":[
    {
      "name":"UD Portuguese Bosque v2.8",
      "url":"https://github.com/UniversalDependencies/UD_Portuguese-Bosque",
      "license":"CC BY-SA 4.0",
      "author":"Rademaker, Alexandre; Freitas, Cl\u00e1udia; de Souza, Elvis; Silveira, Aline; Cavalcanti, Tatiana; Evelyn, Wograine; Rocha, Luisa; Soares-Bastos, Isabela; Bick, Eckhard; Chalub, Fabricio; Paulino-Passos, Guilherme; Real, Livy; de Paiva, Valeria; Zeman, Daniel; Popel, Martin; Mare\u010dek, David; Silveira, Natalia; Martins, Andr\u00e9"
    },
    {
      "name":"WikiNER",
      "url":"https://figshare.com/articles/Learning_multilingual_named_entity_recognition_from_Wikipedia/5462500",
      "license":"CC BY 4.0",
      "author":"Joel Nothman, Nicky Ringland, Will Radford, Tara Murphy, James R Curran"
    }
  ],
  "requirements":[

  ]
}